uuid,vin,make,createDate,updateDate
451,844702,"Orsero Costa Rica, SRL",03/15/2021,03/15/2021
452,844702,"Orsero Costa Rica, SRL",03/15/2021,03/15/2021
453,844702,"Orsero Costa Rica, SRL",03/15/2021,03/15/2021
454,844702,"Orsero Costa Rica, SRL",03/15/2021,03/15/2021
455,844702,"Orsero Costa Rica, SRL",03/15/2021,03/15/2021
456,844702,"Orsero Costa Rica, SRL",03/15/2021,03/15/2021
457,844702,"Orsero Costa Rica, SRL",03/15/2021,03/15/2021
458,844702,"Orsero Costa Rica, SRL",03/15/2021,03/15/2021
459,844702,"Orsero Costa Rica, SRL",03/15/2021,03/15/2021
460,844702,"Orsero Costa Rica, SRL",03/15/2021,03/15/2021
461,844702,"Orsero Costa Rica, SRL",03/15/2021,03/15/2021
462,844702,"Orsero Costa Rica, SRL",03/15/2021,03/15/2021
463,844702,"Orsero Costa Rica, SRL",03/15/2021,03/15/2021
464,844702,"Orsero Costa Rica, SRL",03/15/2021,03/15/2021
465,844702,"Orsero Costa Rica, SRL",03/15/2021,03/15/2021
466,844702,"Orsero Costa Rica, SRL",03/15/2021,03/15/2021
467,844702,"Orsero Costa Rica, SRL",03/15/2021,03/15/2021
468,844702,"Orsero Costa Rica, SRL",03/15/2021,03/15/2021
469,844702,"Orsero Costa Rica, SRL",03/15/2021,03/15/2021
470,844702,"Orsero Costa Rica, SRL",03/15/2021,03/15/2021
471,844702,"Orsero Costa Rica, SRL",03/15/2021,03/15/2021
472,844496,"Orsero Costa Rica, SRL",03/15/2021,03/15/2021
473,844496,"Orsero Costa Rica, SRL",03/15/2021,03/15/2021
474,844496,"Orsero Costa Rica, SRL",03/15/2021,03/15/2021
475,844496,"Orsero Costa Rica, SRL",03/15/2021,03/15/2021
476,844496,"Orsero Costa Rica, SRL",03/15/2021,03/15/2021
477,844496,"Orsero Costa Rica, SRL",03/15/2021,03/15/2021
478,844496,"Orsero Costa Rica, SRL",03/15/2021,03/15/2021
479,844496,"Orsero Costa Rica, SRL",03/15/2021,03/15/2021
480,844496,"Orsero Costa Rica, SRL",03/15/2021,03/15/2021
481,844496,"Orsero Costa Rica, SRL",03/15/2021,03/15/2021
482,844496,"Orsero Costa Rica, SRL",03/15/2021,03/15/2021
483,844496,"Orsero Costa Rica, SRL",03/15/2021,03/15/2021
484,844496,"Orsero Costa Rica, SRL",03/15/2021,03/15/2021
485,844496,"Orsero Costa Rica, SRL",03/15/2021,03/15/2021
486,844496,"Orsero Costa Rica, SRL",03/15/2021,03/15/2021
487,844496,"Orsero Costa Rica, SRL",03/15/2021,03/15/2021
488,844496,"Orsero Costa Rica, SRL",03/15/2021,03/15/2021
489,844496,"Orsero Costa Rica, SRL",03/15/2021,03/15/2021
490,844496,"Orsero Costa Rica, SRL",03/15/2021,03/15/2021
491,844496,"Orsero Costa Rica, SRL",03/15/2021,03/15/2021
492,844496,"Orsero Costa Rica, SRL",03/15/2021,03/15/2021
493,844494,Anton Duerbeck GmbH,03/15/2021,03/15/2021
494,844494,Anton Duerbeck GmbH,03/15/2021,03/15/2021
495,844494,Anton Duerbeck GmbH,03/15/2021,03/15/2021
496,844494,Anton Duerbeck GmbH,03/15/2021,03/15/2021
497,844494,Anton Duerbeck GmbH,03/15/2021,03/15/2021
498,844494,Anton Duerbeck GmbH,03/15/2021,03/15/2021
499,844494,Anton Duerbeck GmbH,03/15/2021,03/15/2021
500,844494,Anton Duerbeck GmbH,03/15/2021,03/15/2021
501,844494,Anton Duerbeck GmbH,03/15/2021,03/15/2021
502,844494,Anton Duerbeck GmbH,03/15/2021,03/15/2021
503,844494,Anton Duerbeck GmbH,03/15/2021,03/15/2021
504,844494,Anton Duerbeck GmbH,03/15/2021,03/15/2021
505,844494,Anton Duerbeck GmbH,03/15/2021,03/15/2021
506,844494,Anton Duerbeck GmbH,03/15/2021,03/15/2021
507,844494,Anton Duerbeck GmbH,03/15/2021,03/15/2021
508,844494,Anton Duerbeck GmbH,03/15/2021,03/15/2021
509,844494,Anton Duerbeck GmbH,03/15/2021,03/15/2021
510,844494,Anton Duerbeck GmbH,03/15/2021,03/15/2021
511,844494,Anton Duerbeck GmbH,03/15/2021,03/15/2021
512,844494,Anton Duerbeck GmbH,03/15/2021,03/15/2021
513,844494,Anton Duerbeck GmbH,03/15/2021,03/15/2021
